"","direction","primers","position_on_alignment","gc","avg","std","tm"
"1","R","TCAGCTGCTGTCA","12","0.54","33.6762","10.9927","35.25"
"2","R","CACAAAGCTCCCT","1242","0.54","33.6762","10.9927","35.25"
"3","F","CCCTAGTGCTTAT","1244","0.46","31.75","10.0775","32.10"
"4","F","ATGATCTAGAGGA","14","0.38","31.75","10.0775","28.95"
"5","F","GACTTTGCATCAA","18","0.38","31.75","10.0775","28.95"
"6","R","CTGTCATGGCAGC","184","0.62","33.6762","10.9927","38.41"
"7","F","GGTATGCAGGGGA","194","0.62","31.75","10.0775","38.41"
"8","F","CGTCCATGGTTGT","29","0.54","31.75","10.0775","35.25"
"9","R","GTCCGAGAGTTTG","3","0.54","33.6762","10.9927","35.25"
"10","R","TTTGCTGGCATGG","359","0.54","33.6762","10.9927","35.25"
"11","F","ACTCCTTTGTTGG","367","0.46","31.75","10.0775","32.10"
"12","R","TCTCCTCCATAAG","536","0.46","33.6762","10.9927","32.10"
"13","F","CTTGGAGACTTTG","541","0.46","31.75","10.0775","32.10"
"14","R","CCCTTCTCTACCA","6","0.54","33.6762","10.9927","35.25"
"15","R","TCATTGCTAGAGT","714","0.38","33.6762","10.9927","28.95"
"16","F","CTCCTCTTCTCAT","716","0.46","31.75","10.0775","32.10"
"17","F","TGATGGGGAGAAA","892","0.46","31.75","10.0775","32.10"
"18","R","GGATGATGATGAA","892","0.38","33.6762","10.9927","28.95"
