"direction","primers","position_on_alignment","gc","avg","std","tm"
"F","ACTTGGGTTGTGT","3942","0.46","34.5011","5.96396","32.10"
"F","GGCCTGGTTGGCA","3848","0.69","34.5011","5.96396","41.56"
"F","GCCACTGTGAGAG","3754","0.62","34.5011","5.96396","38.41"
"F","GAGTCCCGCTGCT","3663","0.69","34.5011","5.96396","41.56"
"F","GGGAAGATGGGCT","3572","0.62","34.5011","5.96396","38.41"
"F","ATGAGAGTGGTGA","3481","0.46","34.5011","5.96396","32.10"
"F","GTTGGAGTGGGAG","3390","0.62","34.5011","5.96396","38.41"
"F","CCAACACAAGGTG","3300","0.54","34.5011","5.96396","35.25"
"F","CCATGCCTGTCAC","3211","0.62","34.5011","5.96396","38.41"
"F","CTCACAAGGAGTG","3122","0.54","34.5011","5.96396","35.25"
"F","CAAAATCATATGC","3033","0.31","34.5011","5.96396","25.79"
"F","AGACTGCGACAGT","2944","0.54","34.5011","5.96396","35.25"
"F","TTCTTCCTGAAAT","2856","0.31","34.5011","5.96396","25.79"
"F","GCCTCCTGCTGAC","2768","0.69","34.5011","5.96396","41.56"
"F","TGCCAGCCGGACT","2680","0.69","34.5011","5.96396","41.56"
"F","TTGTGGAGGATCA","2592","0.46","34.5011","5.96396","32.10"
"F","GCCCCGGCATACA","2504","0.69","34.5011","5.96396","41.56"
"F","ATCTAATGGGAAG","2417","0.38","34.5011","5.96396","28.95"
"F","TCAATGAGTGACC","2330","0.46","34.5011","5.96396","32.10"
"F","CCATACACCAGCA","2243","0.54","34.5011","5.96396","35.25"
"F","AAAGGAAGACCTT","2157","0.38","34.5011","5.96396","28.95"
"F","CAGTCACAGTGGA","2072","0.54","34.5011","5.96396","35.25"
"F","CACAATGCCCCCA","1987","0.62","34.5011","5.96396","38.41"
"F","AGGTTCTTGAATG","1903","0.38","34.5011","5.96396","28.95"
"F","ATCATACCCAAGT","1819","0.38","34.5011","5.96396","28.95"
"F","AAGGGGAGCTCAA","1735","0.54","34.5011","5.96396","35.25"
"F","TGGGCTCTAGTGG","1652","0.62","34.5011","5.96396","38.41"
"F","TCATAGCAGTAGC","1571","0.46","34.5011","5.96396","32.10"
"F","CAGTTATGGACAT","1490","0.38","34.5011","5.96396","28.95"
"F","GACATGAAACTGA","1411","0.38","34.5011","5.96396","28.95"
"F","CAGATGTCGGCCC","1332","0.69","34.5011","5.96396","41.56"
"F","GAATAGCCATGAC","1253","0.46","34.5011","5.96396","32.10"
"F","GAGGAGCGGCTTT","1175","0.62","34.5011","5.96396","38.41"
"F","GTTCCAAGCGTGA","1098","0.54","34.5011","5.96396","35.25"
"F","AAAGGATGGGGAC","1021","0.54","34.5011","5.96396","35.25"
"F","CCATCCGCAAAGT","946","0.54","34.5011","5.96396","35.25"
"F","GCCCACTTCACAG","871","0.62","34.5011","5.96396","38.41"
"F","GAGTTCAAGGACG","796","0.54","34.5011","5.96396","35.25"
"F","GCTGCGCTGAAGC","723","0.69","34.5011","5.96396","41.56"
"F","TGCTTGGCCTTAG","656","0.54","34.5011","5.96396","35.25"
"F","GACTCGGATATGT","591","0.46","34.5011","5.96396","32.10"
"F","TGGGAAAAAGGGA","526","0.46","34.5011","5.96396","32.10"
"F","TGGGAAACCAAGC","461","0.54","34.5011","5.96396","35.25"
"F","ATCAACAGGTTTT","417","0.31","34.5011","5.96396","25.79"
"F","AGCTGTGGCAAGC","385","0.62","34.5011","5.96396","38.41"
"F","AGTGATGATCTTC","359","0.38","34.5011","5.96396","28.95"
"F","CAGGAATAGCTAT","336","0.38","34.5011","5.96396","28.95"
"F","TTCTAGAAGAAAT","320","0.23","34.5011","5.96396","22.64"
"F","CCACGCCAAGAGG","305","0.69","34.5011","5.96396","41.56"
"F","TGGGCCCTAGTGG","291","0.69","34.5011","5.96396","41.56"
"F","TTCCAAGTGTGAG","277","0.46","34.5011","5.96396","32.10"
"F","GGATACACAAAGG","264","0.46","34.5011","5.96396","32.10"
"F","GACGGCTGCTGGT","251","0.69","34.5011","5.96396","41.56"
"F","CTGGGAAAAGAGG","240","0.54","34.5011","5.96396","35.25"
"F","TTCAAGACAAAGG","229","0.38","34.5011","5.96396","28.95"
"F","TGGACATCATCTC","219","0.46","34.5011","5.96396","32.10"
"F","ATCCTAGAGGAGA","209","0.46","34.5011","5.96396","32.10"
"F","TACATCATGGATG","199","0.38","34.5011","5.96396","28.95"
"F","GGAGAGAAGTGGA","189","0.54","34.5011","5.96396","35.25"
"F","AAAGTCGAGGTTA","180","0.38","34.5011","5.96396","28.95"
"F","GTCATGAAAAACC","171","0.38","34.5011","5.96396","28.95"
"F","TGGATATATCCTA","163","0.31","34.5011","5.96396","25.79"
"F","GTGATCTGATCAT","156","0.38","34.5011","5.96396","28.95"
"F","GGGGACATTGGAG","149","0.62","34.5011","5.96396","38.41"
"F","CTTATGGTGTGGA","142","0.46","34.5011","5.96396","32.10"
"F","TTACAGTGGAGGT","136","0.46","34.5011","5.96396","32.10"
"F","TGATGGGTGCCAC","131","0.62","34.5011","5.96396","38.41"
"F","GGGCCATGGACCC","126","0.77","34.5011","5.96396","44.72"
"F","AGGACTGGGACTG","122","0.62","34.5011","5.96396","38.41"
"F","CTCCAGCGCCATA","118","0.62","34.5011","5.96396","38.41"
"F","AACTCTTGGGGCC","114","0.62","34.5011","5.96396","38.41"
"F","AGCTGGCCCCCTA","110","0.69","34.5011","5.96396","41.56"
"F","CTACAGCCATGGC","106","0.62","34.5011","5.96396","38.41"
"F","GAGTCCCCAACTA","102","0.54","34.5011","5.96396","35.25"
"F","CGGCAATGAGATC","98","0.54","34.5011","5.96396","35.25"
"F","AAAAGAGGAGATC","95","0.38","34.5011","5.96396","28.95"
"F","GAGCAAAGGAAAA","92","0.38","34.5011","5.96396","28.95"
"F","GTGGTGTGGATCT","89","0.54","34.5011","5.96396","35.25"
"F","TCCGGGCTAAAGA","86","0.54","34.5011","5.96396","35.25"
"F","CTGCTGGGTTCAA","83","0.54","34.5011","5.96396","35.25"
"F","CAATTAACACCCC","80","0.46","34.5011","5.96396","32.10"
"F","CTGCTGGGTCATG","77","0.62","34.5011","5.96396","38.41"
"F","TCTCCAGTGCTGT","74","0.54","34.5011","5.96396","35.25"
"F","ATACTTGGTCATG","71","0.38","34.5011","5.96396","28.95"
"F","TTTCCACAGAAGG","68","0.46","34.5011","5.96396","32.10"
"F","ATGCCCTCAGGTT","65","0.54","34.5011","5.96396","35.25"
"F","CTGTGCCCATACA","62","0.54","34.5011","5.96396","35.25"
"F","CGGAGGATCCGGA","59","0.69","34.5011","5.96396","41.56"
"F","TTGAGATTCACGG","57","0.46","34.5011","5.96396","32.10"
"R","TCCTCTAACCACT","3978","0.46","34.1733","6.24608","32.10"
"R","ATGGCATCCCTTT","3883","0.46","34.1733","6.24608","32.10"
"R","TTCACTGGCCTCC","3789","0.62","34.1733","6.24608","38.41"
"R","TGGCATGGCACAT","3696","0.54","34.1733","6.24608","35.25"
"R","CTCTGCCACATCC","3603","0.62","34.1733","6.24608","38.41"
"R","CTTCAAATATTGC","3511","0.31","34.1733","6.24608","25.79"
"R","GATCCATTCTTTG","3419","0.38","34.1733","6.24608","28.95"
"R","GCCATTGATGTGC","3327","0.54","34.1733","6.24608","35.25"
"R","ACCACTTTGTTTT","3236","0.31","34.1733","6.24608","25.79"
"R","AGCACCATTCCTC","3145","0.54","34.1733","6.24608","35.25"
"R","GTTAGCTGCTTCT","3055","0.46","34.1733","6.24608","32.10"
"R","CTCCAGTCACCAC","2965","0.62","34.1733","6.24608","38.41"
"R","GGATGCTCCATCC","2875","0.62","34.1733","6.24608","38.41"
"R","TTGTCATTGTGTC","2785","0.38","34.1733","6.24608","28.95"
"R","ATGTTTTCCATTC","2696","0.31","34.1733","6.24608","25.79"
"R","TCCTAGCATTGAT","2607","0.38","34.1733","6.24608","28.95"
"R","ATGTTTTCATCTC","2518","0.31","34.1733","6.24608","25.79"
"R","ATGTCTGTCCATT","2429","0.38","34.1733","6.24608","28.95"
"R","ACTCCTATGACAA","2340","0.38","34.1733","6.24608","28.95"
"R","TCCAGGCTCTCTC","2251","0.62","34.1733","6.24608","38.41"
"R","TTTCCCATGTGAT","2162","0.38","34.1733","6.24608","28.95"
"R","ACTCTCCCTCAAT","2073","0.46","34.1733","6.24608","32.10"
"R","ACTTTTTGGCTCG","1985","0.46","34.1733","6.24608","32.10"
"R","TACACTCCATCTG","1897","0.46","34.1733","6.24608","32.10"
"R","TTCAGTGTGTCAC","1810","0.46","34.1733","6.24608","32.10"
"R","TTTAGGCATCTCC","1723","0.46","34.1733","6.24608","32.10"
"R","TAGGATCTTACCT","1637","0.38","34.1733","6.24608","28.95"
"R","CCAGTGTGGAGTT","1551","0.54","34.1733","6.24608","35.25"
"R","TTCAAGAATCCAA","1467","0.31","34.1733","6.24608","25.79"
"R","GCTGGGAGCCATG","1385","0.69","34.1733","6.24608","41.56"
"R","ATGTGAACGCTGC","1303","0.54","34.1733","6.24608","35.25"
"R","CATCTGGTTCCAC","1222","0.54","34.1733","6.24608","35.25"
"R","CCATTCGTTTGAG","1142","0.46","34.1733","6.24608","32.10"
"R","GCAGGCCTGACAA","1063","0.62","34.1733","6.24608","38.41"
"R","GACTTCAGGGCCG","985","0.69","34.1733","6.24608","41.56"
"R","CTCTCTCCGGGGG","907","0.77","34.1733","6.24608","44.72"
"R","AGATCGCAGTTTG","830","0.46","34.1733","6.24608","32.10"
"R","CCACGTCTCTTGA","754","0.54","34.1733","6.24608","35.25"
"R","ACTGTTCCCAGCA","682","0.54","34.1733","6.24608","35.25"
"R","CCCAGGGCCATGA","610","0.69","34.1733","6.24608","41.56"
"R","CATCCGAGTTCAT","539","0.46","34.1733","6.24608","32.10"
"R","CCCCCACCATGGA","469","0.69","34.1733","6.24608","41.56"
"R","CGGCGATCTGTGC","403","0.69","34.1733","6.24608","41.56"
"R","TCACCCAAGTAGC","343","0.54","34.1733","6.24608","35.25"
"R","AGAGCACTCTGAG","311","0.54","34.1733","6.24608","35.25"
"R","GTCTCTTAACCAG","290","0.46","34.1733","6.24608","32.10"
"R","CTGGTCTTTCCCA","270","0.54","34.1733","6.24608","35.25"
"R","CCAAGGCCATGAC","250","0.62","34.1733","6.24608","38.41"
"R","TTGCAGTTATCAA","233","0.31","34.1733","6.24608","25.79"
"R","AATCGACGTCATC","216","0.46","34.1733","6.24608","32.10"
"R","ACGAGGACCATCA","201","0.54","34.1733","6.24608","35.25"
"R","CCATCCACCTCGG","187","0.69","34.1733","6.24608","41.56"
"R","TGGTGAATGTGAA","176","0.38","34.1733","6.24608","28.95"
"R","CCGCATCAAGACA","165","0.54","34.1733","6.24608","35.25"
"R","TGGCCCTCTCTCC","154","0.69","34.1733","6.24608","41.56"
"R","ACGAAAAAGATTC","143","0.31","34.1733","6.24608","25.79"
"R","AAGGGTGGGGAAG","133","0.62","34.1733","6.24608","38.41"
"R","CTGATAGCATTAT","123","0.31","34.1733","6.24608","25.79"
"R","GCCATCCGTTTGA","114","0.54","34.1733","6.24608","35.25"
"R","TCCCCATCCAGTG","106","0.62","34.1733","6.24608","38.41"
"R","GTGTCTGCCCCAG","99","0.69","34.1733","6.24608","41.56"
"R","TCTTGTCCTCCAT","94","0.46","34.1733","6.24608","32.10"
"R","GATATTGATGCCT","89","0.38","34.1733","6.24608","28.95"
"R","CCCTTCTTCGCCC","84","0.69","34.1733","6.24608","41.56"
"R","CCATCTGTGGTCT","80","0.54","34.1733","6.24608","35.25"
"R","CAGGGCTTTGACA","76","0.54","34.1733","6.24608","35.25"
"R","GCATCCATCCATC","72","0.54","34.1733","6.24608","35.25"
"R","TTCCAGTGACTTC","68","0.46","34.1733","6.24608","32.10"
"R","AGAGGAGATCCCG","64","0.62","34.1733","6.24608","38.41"
"R","TCCCCCACCATAG","61","0.62","34.1733","6.24608","38.41"
"R","TTGGCCACTCACA","58","0.54","34.1733","6.24608","35.25"
"R","TTCCCATCCAGTG","55","0.54","34.1733","6.24608","35.25"
"R","TTTGACTCAGTGT","52","0.38","34.1733","6.24608","28.95"
"R","CACAGGCTGCACA","50","0.62","34.1733","6.24608","38.41"
